feature,importance
marital-status,0.1351917930419269
educational-num,0.028768956289027692
capital-gain,0.02413024085637827
occupation,0.02359500446030336
age,0.014629794826048204
gender,0.00869759143621771
hours-per-week,0.007270294380017894
relationship,0.006913470115967923
workclass,0.003791257805530823
capital-loss,0.0037020517395183416
race,0.0021855486173060212
education,0.001784121320249854
native-country,0.000669045495093723
fnlwgt,0.0005798394290812192
