feature,importance
duration,0.206368330464716
month,0.04096385542168677
contact,0.029948364888123934
poutcome,0.024182444061962127
previous,0.011015490533562811
housing,0.009982788296041312
balance,0.006196213425129082
pdays,0.004733218588640264
job,0.003958691910499157
loan,0.0034423407917383965
education,0.002409638554216831
marital,0.0009466437177280574
day,0.0009466437177280574
campaign,0.0009466437177280574
age,0.00043029259896729675
default,-0.0005163511187607827
