feature,importance
Age,0.04505813953488371
Occupation,0.037354651162790686
Marital,0.03401162790697676
Householder,0.025872093023255837
Education,0.025145348837209314
Hometype,0.013517441860465107
Sex,0.005813953488372103
Dual,0.0049418604651162434
Language,0.0015988372093022729
Ethnic,0.001017441860465107
Live,0.0002906976744186052
Person_under_18,-0.0015988372093023173
Person,-0.002034883720930214
